School District,JobSite
Big Horn School District 1,https://www.applitrack.com/bighorn1/onlineapp/JobPostings/view.asp?all=1
Big Horn School District 2,https://www.applitrack.com/bgh2/onlineapp/default.aspx?all=1
Big Horn School District 3,https://www.applitrack.com/bighorn/onlineapp/default.aspx?all=1
Big Horn School District 4,https://www.applitrack.com/bgh4/onlineapp/default.aspx?all=1
Carbon County School District 1,https://www.applitrack.com/crb1/onlineapp/jobpostings/view.asp?all=1
Carbon County School District 2,https://www.applitrack.com/crb2/onlineapp/default.aspx?all=1
Converse County School Distrcit 2,https://www.applitrack.com/converse2/onlineapp/default.aspx?all=1
Converse County School District 1,https://www.applitrack.com/ccsd1/onlineapp/default.aspx?all=1
Fremont County School District 1,https://www.applitrack.com/fremontwy/onlineapp/jobpostings/view.asp?all=1
Fremont County School District 21,https://www.applitrack.com/fortwashakieschool/onlineapp/default.aspx?all=1
Fremont County School District 24,https://www.applitrack.com/fremont24/onlineapp/default.aspx?all=1
Fremont County School District 38,https://www.applitrack.com/fcsd38/onlineapp/default.aspx?all=1
Fremont County School District 6,https://www.applitrack.com/fre6/onlineapp/default.aspx?all=1
Fremont County School District 14,https://www.applitrack.com/fremont14/onlineapp/default.aspx?all=1
Lincoln County School District 1,https://www.applitrack.com/rangers1/onlineapp/default.aspx?all=1
Park County School District 1,https://www.applitrack.com/park1/onlineapp/default.aspx?all=1
Park County School District 6,https://www.applitrack.com/park6/onlineapp/default.aspx?all=1
Sheridan County School District 1,https://www.applitrack.com/sheridanwy/onlineapp/default.aspx?all=1
Sheridan County School District 2,https://www.applitrack.com/scsd2/OnlineApp/default.aspx?all=1
Sublette County School District 9,https://www.applitrack.com/sublette/onlineapp/default.aspx?all=1
Sweetwater County School District 1,https://www.applitrack.com/sweetwater/onlineapp/default.aspx?all=1
Sweetwater County School District 2,https://www.applitrack.com/swcsd2/onlineapp/default.aspx?all=1
Teton County School District 1,https://www.applitrack.com/tcsd/onlineapp/default.aspx?all=1
Uinta County School District 1,https://www.applitrack.com/uinta/onlineapp/jobpostings/view.asp?all=1
Washakie County School District 1,https://www.applitrack.com/washakie1/onlineapp/default.aspx?all=1
